"Adresse","Type de contenu","Code HTTP","Statut","Indexabilité","Statut d'indexabilité","Liens entrants","Temps de réponse","URL de redirection","Type de redirection"
"https://gamemarttn.netlify.app/sitemap.xml","application/xml","200","OK","Indexable","","0","0,287","",""
"https://gamemarttn.netlify.app/produitDetails/8","text/html; charset=UTF-8","200","OK","Indexable","","0","0,310","",""
"https://gamemarttn.netlify.app/produits","text/html; charset=UTF-8","200","OK","Indexable","","0","0,272","",""
"https://gamemarttn.netlify.app/produitDetails/7","text/html; charset=UTF-8","200","OK","Indexable","","0","0,306","",""
"https://gamemarttn.netlify.app/produitDetails/9","text/html; charset=UTF-8","200","OK","Indexable","","0","0,229","",""
"https://gamemarttn.netlify.app/produitDetails/6","text/html; charset=UTF-8","200","OK","Indexable","","0","0,154","",""
"https://gamemarttn.netlify.app/produitDetails/5","text/html; charset=UTF-8","200","OK","Indexable","","0","0,151","",""
"https://gamemarttn.netlify.app/produitDetails/40","text/html; charset=UTF-8","200","OK","Indexable","","0","0,147","",""
"https://gamemarttn.netlify.app/produitDetails/4","text/html; charset=UTF-8","200","OK","Indexable","","0","0,157","",""
"https://gamemarttn.netlify.app/produitDetails/39","text/html; charset=UTF-8","200","OK","Indexable","","0","0,163","",""
"https://gamemarttn.netlify.app/produitDetails/38","text/html; charset=UTF-8","200","OK","Indexable","","0","0,152","",""
"https://gamemarttn.netlify.app/produitDetails/37","text/html; charset=UTF-8","200","OK","Indexable","","0","0,156","",""
"https://gamemarttn.netlify.app/produitDetails/36","text/html; charset=UTF-8","200","OK","Indexable","","0","0,146","",""
"https://gamemarttn.netlify.app/produitDetails/35","text/html; charset=UTF-8","200","OK","Indexable","","0","0,152","",""
"https://gamemarttn.netlify.app/produitDetails/34","text/html; charset=UTF-8","200","OK","Indexable","","0","0,155","",""
"https://gamemarttn.netlify.app/produitDetails/33","text/html; charset=UTF-8","200","OK","Indexable","","0","0,158","",""
"https://gamemarttn.netlify.app/produitDetails/32","text/html; charset=UTF-8","200","OK","Indexable","","0","0,150","",""
"https://gamemarttn.netlify.app/produitDetails/31","text/html; charset=UTF-8","200","OK","Indexable","","0","0,153","",""
"https://gamemarttn.netlify.app/produitDetails/30","text/html; charset=UTF-8","200","OK","Indexable","","0","0,145","",""
"https://gamemarttn.netlify.app/produitDetails/3","text/html; charset=UTF-8","200","OK","Indexable","","0","0,152","",""
"https://gamemarttn.netlify.app/produitDetails/29","text/html; charset=UTF-8","200","OK","Indexable","","0","0,150","",""
"https://gamemarttn.netlify.app/produitDetails/28","text/html; charset=UTF-8","200","OK","Indexable","","0","0,157","",""
"https://gamemarttn.netlify.app/produitDetails/27","text/html; charset=UTF-8","200","OK","Indexable","","0","0,158","",""
"https://gamemarttn.netlify.app/produitDetails/26","text/html; charset=UTF-8","200","OK","Indexable","","0","0,152","",""
"https://gamemarttn.netlify.app/produitDetails/25","text/html; charset=UTF-8","200","OK","Indexable","","0","0,151","",""
"https://gamemarttn.netlify.app/produitDetails/24","text/html; charset=UTF-8","200","OK","Indexable","","0","0,153","",""
"https://gamemarttn.netlify.app/produitDetails/23","text/html; charset=UTF-8","200","OK","Indexable","","0","0,159","",""
"https://gamemarttn.netlify.app/produitDetails/21","text/html; charset=UTF-8","200","OK","Indexable","","0","0,159","",""
"https://gamemarttn.netlify.app/produitDetails/20","text/html; charset=UTF-8","200","OK","Indexable","","0","0,153","",""
"https://gamemarttn.netlify.app/produitDetails/22","text/html; charset=UTF-8","200","OK","Indexable","","0","0,196","",""
"https://gamemarttn.netlify.app/produitDetails/2","text/html; charset=UTF-8","200","OK","Indexable","","0","0,159","",""
"https://gamemarttn.netlify.app/produitDetails/19","text/html; charset=UTF-8","200","OK","Indexable","","0","0,149","",""
"https://gamemarttn.netlify.app/produitDetails/18","text/html; charset=UTF-8","200","OK","Indexable","","0","0,158","",""
"https://gamemarttn.netlify.app/produitDetails/16","text/html; charset=UTF-8","200","OK","Indexable","","0","0,147","",""
"https://gamemarttn.netlify.app/produitDetails/15","text/html; charset=UTF-8","200","OK","Indexable","","0","0,144","",""
"https://gamemarttn.netlify.app/produitDetails/17","text/html; charset=UTF-8","200","OK","Indexable","","0","0,167","",""
"https://gamemarttn.netlify.app/produitDetails/14","text/html; charset=UTF-8","200","OK","Indexable","","0","0,155","",""
"https://gamemarttn.netlify.app/produitDetails/13","text/html; charset=UTF-8","200","OK","Indexable","","0","0,157","",""
"https://gamemarttn.netlify.app/produitDetails/12","text/html; charset=UTF-8","200","OK","Indexable","","0","0,155","",""
"https://gamemarttn.netlify.app/produitDetails/10","text/html; charset=UTF-8","200","OK","Indexable","","0","0,148","",""
"https://gamemarttn.netlify.app/produitDetails/11","text/html; charset=UTF-8","200","OK","Indexable","","0","0,160","",""
"https://gamemarttn.netlify.app/produitDetails/1","text/html; charset=UTF-8","200","OK","Indexable","","0","0,155","",""
"https://gamemarttn.netlify.app/","text/html; charset=UTF-8","200","OK","Indexable","","0","0,155","",""
