"Adresse","Occurrences","H1-1","Longueur du H1-1","Indexabilité","Statut d'indexabilité"
"https://gamemarttn.netlify.app/produitDetails/8","0","","0","Indexable",""
"https://gamemarttn.netlify.app/produits","0","","0","Indexable",""
"https://gamemarttn.netlify.app/produitDetails/7","0","","0","Indexable",""
"https://gamemarttn.netlify.app/produitDetails/9","0","","0","Indexable",""
"https://gamemarttn.netlify.app/produitDetails/6","0","","0","Indexable",""
"https://gamemarttn.netlify.app/produitDetails/5","0","","0","Indexable",""
"https://gamemarttn.netlify.app/produitDetails/40","0","","0","Indexable",""
"https://gamemarttn.netlify.app/produitDetails/4","0","","0","Indexable",""
"https://gamemarttn.netlify.app/produitDetails/39","0","","0","Indexable",""
"https://gamemarttn.netlify.app/produitDetails/38","0","","0","Indexable",""
"https://gamemarttn.netlify.app/produitDetails/37","0","","0","Indexable",""
"https://gamemarttn.netlify.app/produitDetails/36","0","","0","Indexable",""
"https://gamemarttn.netlify.app/produitDetails/35","0","","0","Indexable",""
"https://gamemarttn.netlify.app/produitDetails/34","0","","0","Indexable",""
"https://gamemarttn.netlify.app/produitDetails/33","0","","0","Indexable",""
"https://gamemarttn.netlify.app/produitDetails/32","0","","0","Indexable",""
"https://gamemarttn.netlify.app/produitDetails/31","0","","0","Indexable",""
"https://gamemarttn.netlify.app/produitDetails/30","0","","0","Indexable",""
"https://gamemarttn.netlify.app/produitDetails/3","0","","0","Indexable",""
"https://gamemarttn.netlify.app/produitDetails/29","0","","0","Indexable",""
"https://gamemarttn.netlify.app/produitDetails/28","0","","0","Indexable",""
"https://gamemarttn.netlify.app/produitDetails/27","0","","0","Indexable",""
"https://gamemarttn.netlify.app/produitDetails/26","0","","0","Indexable",""
"https://gamemarttn.netlify.app/produitDetails/25","0","","0","Indexable",""
"https://gamemarttn.netlify.app/produitDetails/24","0","","0","Indexable",""
"https://gamemarttn.netlify.app/produitDetails/23","0","","0","Indexable",""
"https://gamemarttn.netlify.app/produitDetails/21","0","","0","Indexable",""
"https://gamemarttn.netlify.app/produitDetails/20","0","","0","Indexable",""
"https://gamemarttn.netlify.app/produitDetails/22","0","","0","Indexable",""
"https://gamemarttn.netlify.app/produitDetails/2","0","","0","Indexable",""
"https://gamemarttn.netlify.app/produitDetails/19","0","","0","Indexable",""
"https://gamemarttn.netlify.app/produitDetails/18","0","","0","Indexable",""
"https://gamemarttn.netlify.app/produitDetails/16","0","","0","Indexable",""
"https://gamemarttn.netlify.app/produitDetails/15","0","","0","Indexable",""
"https://gamemarttn.netlify.app/produitDetails/17","0","","0","Indexable",""
"https://gamemarttn.netlify.app/produitDetails/14","0","","0","Indexable",""
"https://gamemarttn.netlify.app/produitDetails/13","0","","0","Indexable",""
"https://gamemarttn.netlify.app/produitDetails/12","0","","0","Indexable",""
"https://gamemarttn.netlify.app/produitDetails/10","0","","0","Indexable",""
"https://gamemarttn.netlify.app/produitDetails/11","0","","0","Indexable",""
"https://gamemarttn.netlify.app/produitDetails/1","0","","0","Indexable",""
"https://gamemarttn.netlify.app/","0","","0","Indexable",""
