"Adresse","Occurrences","Title 1","Longueur du Title 1","Largeur en pixels du Title 1","Indexabilité","Statut d'indexabilité"
"https://gamemarttn.netlify.app/produitDetails/8","1","ECommerce","9","109","Indexable",""
"https://gamemarttn.netlify.app/produits","1","ECommerce","9","109","Indexable",""
"https://gamemarttn.netlify.app/produitDetails/7","1","ECommerce","9","109","Indexable",""
"https://gamemarttn.netlify.app/produitDetails/9","1","ECommerce","9","109","Indexable",""
"https://gamemarttn.netlify.app/produitDetails/6","1","ECommerce","9","109","Indexable",""
"https://gamemarttn.netlify.app/produitDetails/5","1","ECommerce","9","109","Indexable",""
"https://gamemarttn.netlify.app/produitDetails/40","1","ECommerce","9","109","Indexable",""
"https://gamemarttn.netlify.app/produitDetails/4","1","ECommerce","9","109","Indexable",""
"https://gamemarttn.netlify.app/produitDetails/39","1","ECommerce","9","109","Indexable",""
"https://gamemarttn.netlify.app/produitDetails/38","1","ECommerce","9","109","Indexable",""
"https://gamemarttn.netlify.app/produitDetails/37","1","ECommerce","9","109","Indexable",""
"https://gamemarttn.netlify.app/produitDetails/36","1","ECommerce","9","109","Indexable",""
"https://gamemarttn.netlify.app/produitDetails/35","1","ECommerce","9","109","Indexable",""
"https://gamemarttn.netlify.app/produitDetails/34","1","ECommerce","9","109","Indexable",""
"https://gamemarttn.netlify.app/produitDetails/33","1","ECommerce","9","109","Indexable",""
"https://gamemarttn.netlify.app/produitDetails/32","1","ECommerce","9","109","Indexable",""
"https://gamemarttn.netlify.app/produitDetails/31","1","ECommerce","9","109","Indexable",""
"https://gamemarttn.netlify.app/produitDetails/30","1","ECommerce","9","109","Indexable",""
"https://gamemarttn.netlify.app/produitDetails/3","1","ECommerce","9","109","Indexable",""
"https://gamemarttn.netlify.app/produitDetails/29","1","ECommerce","9","109","Indexable",""
"https://gamemarttn.netlify.app/produitDetails/28","1","ECommerce","9","109","Indexable",""
"https://gamemarttn.netlify.app/produitDetails/27","1","ECommerce","9","109","Indexable",""
"https://gamemarttn.netlify.app/produitDetails/26","1","ECommerce","9","109","Indexable",""
"https://gamemarttn.netlify.app/produitDetails/25","1","ECommerce","9","109","Indexable",""
"https://gamemarttn.netlify.app/produitDetails/24","1","ECommerce","9","109","Indexable",""
"https://gamemarttn.netlify.app/produitDetails/23","1","ECommerce","9","109","Indexable",""
"https://gamemarttn.netlify.app/produitDetails/21","1","ECommerce","9","109","Indexable",""
"https://gamemarttn.netlify.app/produitDetails/20","1","ECommerce","9","109","Indexable",""
"https://gamemarttn.netlify.app/produitDetails/22","1","ECommerce","9","109","Indexable",""
"https://gamemarttn.netlify.app/produitDetails/2","1","ECommerce","9","109","Indexable",""
"https://gamemarttn.netlify.app/produitDetails/19","1","ECommerce","9","109","Indexable",""
"https://gamemarttn.netlify.app/produitDetails/18","1","ECommerce","9","109","Indexable",""
"https://gamemarttn.netlify.app/produitDetails/16","1","ECommerce","9","109","Indexable",""
"https://gamemarttn.netlify.app/produitDetails/15","1","ECommerce","9","109","Indexable",""
"https://gamemarttn.netlify.app/produitDetails/17","1","ECommerce","9","109","Indexable",""
"https://gamemarttn.netlify.app/produitDetails/14","1","ECommerce","9","109","Indexable",""
"https://gamemarttn.netlify.app/produitDetails/13","1","ECommerce","9","109","Indexable",""
"https://gamemarttn.netlify.app/produitDetails/12","1","ECommerce","9","109","Indexable",""
"https://gamemarttn.netlify.app/produitDetails/10","1","ECommerce","9","109","Indexable",""
"https://gamemarttn.netlify.app/produitDetails/11","1","ECommerce","9","109","Indexable",""
"https://gamemarttn.netlify.app/produitDetails/1","1","ECommerce","9","109","Indexable",""
"https://gamemarttn.netlify.app/","1","ECommerce","9","109","Indexable",""
