"Adresse","Occurrences","Indexabilité","Statut d'indexabilité","Élément de lien en version canonique 1","Version canonique HTTP","Meta Robots 1","Balise X-Robots 1","rel=""next"" 1","rel=""prev"" 1","HTTP rel=""next"" 1","HTTP rel=""prev"" 1"
"https://gamemarttn.netlify.app/produitDetails/8","0","Indexable","","","","","","","","",""
"https://gamemarttn.netlify.app/produits","0","Indexable","","","","","","","","",""
"https://gamemarttn.netlify.app/produitDetails/7","0","Indexable","","","","","","","","",""
"https://gamemarttn.netlify.app/produitDetails/9","0","Indexable","","","","","","","","",""
"https://gamemarttn.netlify.app/produitDetails/6","0","Indexable","","","","","","","","",""
"https://gamemarttn.netlify.app/produitDetails/5","0","Indexable","","","","","","","","",""
"https://gamemarttn.netlify.app/produitDetails/40","0","Indexable","","","","","","","","",""
"https://gamemarttn.netlify.app/produitDetails/4","0","Indexable","","","","","","","","",""
"https://gamemarttn.netlify.app/produitDetails/39","0","Indexable","","","","","","","","",""
"https://gamemarttn.netlify.app/produitDetails/38","0","Indexable","","","","","","","","",""
"https://gamemarttn.netlify.app/produitDetails/37","0","Indexable","","","","","","","","",""
"https://gamemarttn.netlify.app/produitDetails/36","0","Indexable","","","","","","","","",""
"https://gamemarttn.netlify.app/produitDetails/35","0","Indexable","","","","","","","","",""
"https://gamemarttn.netlify.app/produitDetails/34","0","Indexable","","","","","","","","",""
"https://gamemarttn.netlify.app/produitDetails/33","0","Indexable","","","","","","","","",""
"https://gamemarttn.netlify.app/produitDetails/32","0","Indexable","","","","","","","","",""
"https://gamemarttn.netlify.app/produitDetails/31","0","Indexable","","","","","","","","",""
"https://gamemarttn.netlify.app/produitDetails/30","0","Indexable","","","","","","","","",""
"https://gamemarttn.netlify.app/produitDetails/3","0","Indexable","","","","","","","","",""
"https://gamemarttn.netlify.app/produitDetails/29","0","Indexable","","","","","","","","",""
"https://gamemarttn.netlify.app/produitDetails/28","0","Indexable","","","","","","","","",""
"https://gamemarttn.netlify.app/produitDetails/27","0","Indexable","","","","","","","","",""
"https://gamemarttn.netlify.app/produitDetails/26","0","Indexable","","","","","","","","",""
"https://gamemarttn.netlify.app/produitDetails/25","0","Indexable","","","","","","","","",""
"https://gamemarttn.netlify.app/produitDetails/24","0","Indexable","","","","","","","","",""
"https://gamemarttn.netlify.app/produitDetails/23","0","Indexable","","","","","","","","",""
"https://gamemarttn.netlify.app/produitDetails/21","0","Indexable","","","","","","","","",""
"https://gamemarttn.netlify.app/produitDetails/20","0","Indexable","","","","","","","","",""
"https://gamemarttn.netlify.app/produitDetails/22","0","Indexable","","","","","","","","",""
"https://gamemarttn.netlify.app/produitDetails/2","0","Indexable","","","","","","","","",""
"https://gamemarttn.netlify.app/produitDetails/19","0","Indexable","","","","","","","","",""
"https://gamemarttn.netlify.app/produitDetails/18","0","Indexable","","","","","","","","",""
"https://gamemarttn.netlify.app/produitDetails/16","0","Indexable","","","","","","","","",""
"https://gamemarttn.netlify.app/produitDetails/15","0","Indexable","","","","","","","","",""
"https://gamemarttn.netlify.app/produitDetails/17","0","Indexable","","","","","","","","",""
"https://gamemarttn.netlify.app/produitDetails/14","0","Indexable","","","","","","","","",""
"https://gamemarttn.netlify.app/produitDetails/13","0","Indexable","","","","","","","","",""
"https://gamemarttn.netlify.app/produitDetails/12","0","Indexable","","","","","","","","",""
"https://gamemarttn.netlify.app/produitDetails/10","0","Indexable","","","","","","","","",""
"https://gamemarttn.netlify.app/produitDetails/11","0","Indexable","","","","","","","","",""
"https://gamemarttn.netlify.app/produitDetails/1","0","Indexable","","","","","","","","",""
"https://gamemarttn.netlify.app/","0","Indexable","","","","","","","","",""
